Brisbane,Logan,Urban Ipswich,Rural Ipswich,Moreton Bay Region,,,,,
Acacia Ridge,Bahrs Scrub,Augustine Heights,Amberley,Albany Creek,,,,,
Albion,Bannockburn,Barellan Point,Ashwell,Arana Hills,,,,,
Alderley,Beenleigh,Basin Pocket,Calvert,Armstrong Creek,,,,,
Algester,Belivah,Bellbird Park,Deebing Heights,Banksia Beach,,,,,
Annerley,Berrinba,Blacksoil,Ebenezer,Beachmere,,,,,
Anstead,Bethania,Blackstone,Goolman,Bellara,,,,,
Archerfield,Boronia Heights,Booval,Grandchester,Bellmere,,,,,
Ascot,Browns Plains,Brassall,Haigslea,Bellthorpe,,,,,
Ashgrove,Buccan,Brookwater,Ironbark,Bongaree,,,,,On Map
Aspley,Carbrook,Bundamba,Jeebropilly,Bracalba,,,,,On Map
Auchenflower,Cedar Creek,Carole Park,Lanefield,Bray Park,,,,,On Map
Bald Hills,Cedar Grove,Camira,Limestone Ridges,Brendale,,,,,On Map
Balmoral,Cedar Vale,Churchill,Marburg,Bunya,,,,,On Map
Banks Creek,Chambers Flat,Chuwar,Mount Forbes,Burpengary,,,,,On Map
Banyo,Cornubia,Coalfalls,Mount Marrow,Burpengary East,,,,,On Map
Bardon,Crestmead,Collingwood Park,Mutdapilly,Caboolture,,,,,On Map
Bellbowrie,Daisy Hill,Dinmore,Peak Crossing,Caboolture South,,,,,On Map
Belmont,Eagleby,East Ipswich,Pine Mountain,Camp Mountain,,,,,On Map
Boondall,Edens Landing,Eastern Heights,Purga,Campbells Pocket,,,,,On Map
Bowen Hills,Forestdale,Ebenezer,Rosewood,Cashmere,,,,,On Map
Bracken Ridge,Greenbank,Ebbw Vale,South Ripley,Cedar Creek,,,,,On Map
Brendale,Heritage Park,Flinders View,Spring Mountain,Cedarton,,,,,On Map
Bridgeman Downs,Hillcrest,Gailes,Tallegalla,Clear Mountain,,,,,On Map
Brighton,Holmview,Goodna,Thagoona,Clontarf,,,,,On Map
Brisbane Airport,Jimboomba,Haigslea,The Bluff,Closeburn,,,,,On Map
Brisbane City,Kagaru,Ipswich,Walloon,Commissioners Flat,,,,,On Map
Brookfield,Kingston,Karalee,White Rock,D'Aguilar,,,,,On Map
Bulimba,Logan Central,Karrabin,Willowbank,Dakabin,,,,,On Map
Bulwer,Logan Reserve,Leichhardt,Woolshed,Dayboro,,,,,On Map
Bunya,Logan Village,Moores Pocket,,Deception Bay,,,,,On Map
Burbank,Loganholme,Muirlea,,Delaneys Creek,,,,,On Map
Calamvale,Loganlea,New Chum,,Donnybrook (Qld),,,,,On Map
Camp Hill,Lyons,Newtown,,Draper,,,,,On Map
Cannon Hill,Marsden,North Booval,,Eatons Hill,,,,,On Map
Carina,Meadowbrook,North Ipswich,,Elimbah,,,,,On Map
Carina Heights,Mount Warren Park,North Tivoli,,Everton Hills,,,,,On Map
Carindale,Mundoolun,One Mile,,Ferny Hills,,,,,On Map
Carseldine,Munruben,Raceview,,Godwin Beach,,,,,On Map
Cashmere,New Beith,Redbank,,Griffin,,,,,On Map
Chandler,North Maclean,Redbank Plains,,Highvale,,,,,On Map
Chapel Hill,Park Ridge South,Ripley,,Jollys Lookout,,,,,On Map
Chelmer,Park Ridge,Riverview,,Joyner,,,,,On Map
Chermside,Priestdale,Rosewood,,Kallangur,,,,,On Map
Chermside West,Regents Park,Sadliers Crossing,,King Scrub,,,,,On Map
Chuwar,Rochedale South,Silkstone,,Kippa-Ring,,,,,On Map
Clayfield,Shailer Park,Springfield,,Kobble Creek,,,,,On Map
Clear Mountain,Slacks Creek,Springfield Central,,Kurwongbah,,,,,On Map
Coopers Plains,South Maclean,Springfield Lakes,,Laceys Creek,,,,,
Coorparoo,Springwood,Swanbank,,Lawnton,,,,,
Corinda,Stockleigh,Tivoli,,Mango Hill,,,,,
Cowan Cowan,Tamborine,West Ipswich,,Margate,,,On Map,,
Darra,Tanah Merah,Woodend,,Meldale,,,On Map,,
Deagon,Underwood,Wulkuraka,,Moodlu,,,On Map,,
Doolandella,Undullah,Yamanto,,Moorina,,,On Map,,
Drewvale,Veresdale Scrub,,,Morayfield,,,On Map,,
Durack,Veresdale,,,Mount Delaney,,,On Map,,
Dutton Park,Waterford West,,,Mount Glorious,,,On Map,,
Eagle Farm,Tweed Heads,,,Mount Mee,,,On Map,,
East Brisbane,,,,Mount Nebo,,,On Map,,
Eatons Hill,,,,Mount Pleasant,,,,,
Eight Mile Plains,,,,Mount Samson,,,,,
Ellen Grove,,,,Murrumba Downs,,,,,
England Creek,,,,Narangba,,,,,
Enoggera,,,,Neurum,,,,,
Enoggera Reservoir,,,,Newport,,,,,
Everton Park,,,,Ningi,,,,,
Fairfield,,,,North Lakes,,,,,
Ferny Grove,,,,Ocean View,,,,,
Ferny Hills,,,,Petrie,,,,,
Fig Tree Pocket,,,,Redcliffe,,,,,
Fitzgibbon,,,,Rocksberg,,,,,
Forest Lake,,,,Rothwell,,,,,
Fortitude Valley,,,,Rush Creek,,,,,
Gaythorne,,,,Samford Valley,,,,,
Geebung,,,,Samford Village,,,,,
Gordon Park,,,,Samsonvale,,,,,
Graceville,,,,Sandstone Point,,,,,
Grange,,,,Scarborough,,,,,
Green Island,,,,Stanmore,,,,,
Greenslopes,,,,Stony Creek,,,,,
Gumdale,,,,Strathpine,,,,,
Hamilton,,,,Toorbul,,,,,
Hawthorne,,,,Upper Caboolture,,,,,
Heathwood,,,,Wamuran,,,,,
Hemmant,,,,Wamuran Basin,,,,,
Hendra,,,,Warner,,,,,
Herston,,,,White Patch,,,,,
Highgate Hill,,,,Whiteside,,,,,
Holland Park,,,,Wights Mountain,,,,,
Holland Park West,,,,Woodford,,,,,
Inala,,,,Woody Point,,,,,
Indooroopilly,,,,Woorim,,,,,
Jamboree Heights,,,,Yugar,,,,,
Jindalee,,,,,,,,,
Joyner,,,,,,,,,
Kalinga,,,,,,,,,
Kallangur,,,,,,,,,
Kangaroo Point,,,,,,,,,
Karana Downs,,,,,,,,,
Karawatha,,,,,,,,,
Kedron,,,,,,,,,
Kelvin Grove,,,,,,,,,
Kenmore,,,,,,,,,
Kenmore Hills,,,,,,,,,
Keperra,,,,,,,,,
Kholo,,,,,,,,,
Kooringal,,,,,,,,,
Kuraby,,,,,,,,,
Lake Manchester,,,,,,,,,
Larapinta,,,,,,,,,
Lota,,,,,,,,,
Lutwyche,,,,,,,,,
Lytton,,,,,,,,,
Macgregor,,,,,,,,,
Mackenzie,,,,,,,,,
Manly,,,,,,,,,
Manly West,,,,,,,,,
Mansfield,,,,,,,,,
McDowall,,,,,,,,,
Middle Park,,,,,,,,,
Milton,,,,,,,,,
Mitchelton,,,,,,,,,
Moggill,,,,,,,,,
Moorooka,,,,,,,,,
Moreton Island,,,,,,,,,
Morningside,,,,,,,,,
Mt Coot-tha,,,,,,,,,
Mt Crosby,,,,,,,,,
Mt Gravatt,,,,,,,,,
Mt Gravatt East,,,,,,,,,
Mt Ommaney,,,,,,,,,
Mud Island,,,,,,,,,
Murarrie,,,,,,,,,
Murrumba Downs,,,,,,,,,
Nathan,,,,,,,,,
New Farm,,,,,,,,,
Newmarket,,,,,,,,,
Newstead,,,,,,,,,
Norman Park,,,,,,,,,
North Brisbane,,,,,,,,,
Northgate,,,,,,,,,
Nudgee,,,,,,,,,
Nudgee Beach,,,,,,,,,
Nundah,,,,,,,,,
Oxley,,,,,,,,,
Paddington,,,,,,,,,
Pallara,,,,,,,,,
Parkinson,,,,,,,,,
Petrie Terrace,,,,,,,,,
Pinjarra Hills,,,,,,,,,
Pinkenba,,,,,,,,,
Port of Brisbane,,,,,,,,,
Pullenvale,,,,,,,,,
Ransome,,,,,,,,,
Red Hill,,,,,,,,,
Richlands,,,,,,,,,
Riverhills,,,,,,,,,
Robertson,,,,,,,,,
Rochedale,,,,,,,,,
Rocklea,,,,,,,,,
Runcorn,,,,,,,,,
Salisbury,,,,,,,,,
Samford Village,,,,,,,,,
Sandgate,,,,,,,,,
Seven Hills,,,,,,,,,
Seventeen Mile Rocks,,,,,,,,,
Sherwood,,,,,,,,,
Shorncliffe,,,,,,,,,
Sinnamon Park,,,,,,,,,
South Brisbane,,,,,,,,,
South Brisbane,,,,,,,,,
Spring Hill,,,,,,,,,
St Helena Island,,,,,,,,,
St Lucia,,,,,,,,,
Stafford,,,,,,,,,
Stafford Heights,,,,,,,,,
Stones Corner,,,,,,,,,
Stretton,,,,,,,,,
Sumner,,,,,,,,,
Sunnybank,,,,,,,,,
Sunnybank Hills,,,,,,,,,
Taigum,,,,,,,,,
Taringa,,,,,,,,,
Tarragindi,,,,,,,,,
Teneriffe,,,,,,,,,
Tennyson,,,,,,,,,
The Gap,,,,,,,,,
Tingalpa,,,,,,,,,
Toowong,,,,,,,,,
Upper Brookfield,,,,,,,,,
Upper Kedron,,,,,,,,,
Upper Mt Gravatt,,,,,,,,,
Virginia,,,,,,,,,
Wacol,,,,,,,,,
Wakerley,,,,,,,,,
Wavell Heights,,,,,,,,,
West End,,,,,,,,,
Westlake,,,,,,,,,
Willawong,,,,,,,,,
Wilston,,,,,,,,,
Windsor,,,,,,,,,
Wishart,,,,,,,,,
Woolloongabba,,,,,,,,,
Wooloowin,,,,,,,,,
Wynnum,,,,,,,,,
Wynnum West,,,,,,,,,
Yeerongpilly,,,,,,,,,
Yeronga,,,,,,,,,
Zillmere,,,,,,,,,